{
  "sample_ids": [
    "GS-0001",
    "GS-0003",
    "GS-0005"
  ],
  "rows": [
    {
      "id": "GS-0001",
      "scores": [
        5.0,
        5.0,
        5.0
      ],
      "variance": 0.0
    },
    {
      "id": "GS-0003",
      "scores": [
        5.0,
        4.0,
        4.0
      ],
      "variance": 0.2222222222222222
    },
    {
      "id": "GS-0005",
      "scores": [
        5.0,
        5.0,
        5.0
      ],
      "variance": 0.0
    }
  ],
  "max_variance": 0.2222222222222222,
  "threshold": 0.5,
  "pass": true
}